{"cameraMode":{"drawMode":0,"name":"Shaded","section":"Shading Mode"},"sceneLighting":true,"audioPlay":false,"sceneViewState":{"m_AlwaysRefresh":false,"showFog":true,"showSkybox":true,"showFlares":true,"showImageEffects":true,"showParticleSystems":true,"showVisualEffectGraphs":true,"m_FxEnabled":false},"in2DMode":false,"pivot":{"x":12.092817306518555,"y":-36.55327606201172,"z":-17.847064971923829},"rotation":{"x":0.026270641013979913,"y":0.9182058572769165,"z":-0.39037826657295229,"w":0.06179126352071762},"size":65.99065399169922,"orthographic":false}