{"cameraMode":{"drawMode":0,"name":"Shaded","section":"Shading Mode"},"sceneLighting":true,"audioPlay":false,"sceneViewState":{"m_AlwaysRefresh":false,"showFog":true,"showSkybox":false,"showFlares":true,"showImageEffects":true,"showParticleSystems":true,"showVisualEffectGraphs":true,"m_FxEnabled":false},"in2DMode":false,"pivot":{"x":-1.8850301504135132,"y":2.038064956665039,"z":-1.3673601150512696},"rotation":{"x":-0.3406834900379181,"y":0.056922703981399539,"z":-0.020671876147389413,"w":-0.9382283687591553},"size":10.319515228271485,"orthographic":false}