{"cameraMode":{"drawMode":0,"name":"Shaded","section":"Shading Mode"},"sceneLighting":false,"audioPlay":false,"sceneViewState":{"m_AlwaysRefresh":false,"showFog":true,"showSkybox":false,"showFlares":true,"showImageEffects":true,"showParticleSystems":true,"showVisualEffectGraphs":true,"m_FxEnabled":false},"in2DMode":false,"pivot":{"x":-0.3963671326637268,"y":1.1484357118606568,"z":0.3962644934654236},"rotation":{"x":-0.32796329259872439,"y":0.13595007359981538,"z":-0.047755852341651919,"w":-0.9336392879486084},"size":1.431004524230957,"orthographic":false}